id,name
2,Prathamesh
6,vyankatraman
6,vyankatraman
6,vyankatraman
6,vyankatraman
6,vyankatraman
10,SaumyaRanjan
10,SaumyaRanjan
101,SaumyaRanjan
101,SaumyaRanjan
101,SaumyaRanjan
101,SaumyaRanjan
101,SaumyaRanjan
101,SaumyaRanjan
101,SaumyaRanjan
101,SaumyaRanjan
101,SaumyaRanjan
101,SaumyaRanjan
101,SaumyaRanjan
101,SaumyaRanjan
101,SaumyaRanjan
102,Gaurav
102,Gaurav
102,Gaurav
102,Gaurav
102,Gaurav
102,Gaurav
103,Rajnandini
104,Rajnandini
104,Rajnandini
104,Rajnandini
104,Rajnandini
104,Rajnandini
104,Rajnandini
104,Rajnandini
104,Rajnandini
104,Rajnandini
104,Rajnandini
104,Rajnandini
104,Rajnandini
104,Rajnandini
6,Prathamesh
9,Saina
9,Saina
9,Saina
